Téléchargement du 06/10/2026;
;
CCHQ;
N° 12345678901;
Solde au 31/08/2026 1 234,56 €;
;
Liste des opérations du compte entre le 01/07/2026 et le 31/08/2026;
;
Date;Libellé;Débit euros;Crédit euros;
02/07/2026;"PRELEVEMENT EDF clients particuliers  Ref: 123456789 ";64,00;;
05/07/2026;"CARTE X1234 04/07 CARREFOUR MARKET
";23,45;;
25/07/2026;"VIREMENT EN VOTRE FAVEUR
SALAIRE JUILLET ACME FRANCE";;2 345,67;
28/07/2026;"PRLV SEPA LOYER SCI DES LILAS
ECH/280726 ID EMETTEUR/FR12ZZZ123456";1 250,00;;
13/08/2026;"CARTE X1234 12/08 SNCF INTERNET";1 234,50;;
14/08/2026;"REMISE CHEQUE N 0001234";;75,00;
