Description,,Summary Amt.
Beginning balance as of 07/01/2026,,"5,210.44"
Total credits,,"5,600.00"
Total debits,,"-5,056.87"
Ending balance as of 08/31/2026,,"5,753.57"

Date,Description,Amount,Running Bal.
07/01/2026,Beginning balance as of 07/01/2026,,"5,210.44"
07/01/2026,"ACME CORP DES:PAYROLL ID:XXXXX12345 INDN:SMITH,JANE CO ID:XXXXX67890 PPD","2,800.00","8,010.44"
07/02/2026,"COMCAST CABLE DES:CABLE ID:XXXXX5678 INDN:JANE SMITH CO ID:XXXXX12345 WEB","-89.99","7,920.45"
07/05/2026,"Zelle payment to LANDLORD LLC Conf# k8fj2m3n4","-1,795.00","6,125.45"
07/14/2026,"CHECKCARD 0713 TRADER JOE S #552 BROOKLYN NY 24692166195100012345678","-52.33","6,073.12"
07/15/2026,"ACME CORP DES:PAYROLL ID:XXXXX12345 INDN:SMITH,JANE CO ID:XXXXX67890 PPD","2,800.00","8,873.12"
08/02/2026,"COMCAST CABLE DES:CABLE ID:XXXXX5678 INDN:JANE SMITH CO ID:XXXXX12345 WEB","-89.99","8,783.13"
08/05/2026,"Zelle payment to LANDLORD LLC Conf# p9q8r7s6t","-1,795.00","6,988.13"
08/31/2026,"BKOFAMERICA ATM 08/31 #000004321 WITHDRWL BROOKLYN NY","-1,234.56","5,753.57"
