Details,Posting Date,Description,Amount,Type,Balance,Check or Slip #
DEBIT,09/30/2026,"ZELLE PAYMENT TO JOHN SMITH JPM99A1B2C3D",-45.00,QUICKPAY_DEBIT,3105.82,,
CREDIT,09/30/2026,"ACME CORP PAYROLL      PPD ID: 9876543210",2850.00,ACH_CREDIT,3150.82,,
DEBIT,09/29/2026,"NETFLIX.COM 866-579-7172 CA        09/28",-15.49,DEBIT_CARD,300.82,,
CHECK,09/27/2026,"CHECK 1043",-120.00,CHECK_PAID,316.31,1043,
DEBIT,09/26/2026,"MONTHLY SERVICE FEE",-12.00,FEE_TRANSACTION,436.31,,
DSLIP,09/25/2026,"REMOTE ONLINE DEPOSIT #          1",250.00,CHECK_DEPOSIT,448.31,,
DEBIT,09/24/2026,"ATM WITHDRAWAL                       001234  09/249 W 34TH ST",-60.00,ATM,198.31,,
DEBIT,09/23/2026,"CON ED OF NY      INTELL CK  PPD ID: 1234567890",-84.37,ACH_DEBIT,258.31,,
DEBIT,09/20/2026,"Online Transfer to SAV ...4321 transaction#: 12345678901",-500.00,ACCT_XFER,342.68,,
DEBIT,09/18/2026,"WHOLEFDS MKT 10234 NEW YORK NY       09/17",-73.52,DEBIT_CARD,842.68,,
CREDIT,09/16/2026,"ACME CORP PAYROLL      PPD ID: 9876543210",2850.00,ACH_CREDIT,916.20,,
DEBIT,09/15/2026,"CHASE CREDIT CRD AUTOPAY                    PPD ID: 4760039224",-612.40,LOAN_PMT,-1933.80,,
